exchange,trade_date,is_trading_day,calendar_version,source_snapshot_id
CZCE,2024-01-01,false,CZCE_OFFICIAL_2024_HOLIDAY_NOTICE,czce_2024_holiday_notice_20231226
CZCE,2024-01-02,true,CZCE_OFFICIAL_2024_HOLIDAY_NOTICE,czce_2024_holiday_notice_20231226
CZCE,2024-01-03,true,CZCE_OFFICIAL_2024_HOLIDAY_NOTICE,czce_2024_holiday_notice_20231226
CZCE,2024-01-04,true,CZCE_OFFICIAL_2024_HOLIDAY_NOTICE,czce_2024_holiday_notice_20231226
CZCE,2024-01-05,true,CZCE_OFFICIAL_2024_HOLIDAY_NOTICE,czce_2024_holiday_notice_20231226
CZCE,2024-01-06,false,CZCE_OFFICIAL_2024_HOLIDAY_NOTICE,czce_2024_holiday_notice_20231226
CZCE,2024-01-07,false,CZCE_OFFICIAL_2024_HOLIDAY_NOTICE,czce_2024_holiday_notice_20231226
CZCE,2024-01-08,true,CZCE_OFFICIAL_2024_HOLIDAY_NOTICE,czce_2024_holiday_notice_20231226
CZCE,2024-01-09,true,CZCE_OFFICIAL_2024_HOLIDAY_NOTICE,czce_2024_holiday_notice_20231226
CZCE,2024-01-10,true,CZCE_OFFICIAL_2024_HOLIDAY_NOTICE,czce_2024_holiday_notice_20231226
CZCE,2024-01-11,true,CZCE_OFFICIAL_2024_HOLIDAY_NOTICE,czce_2024_holiday_notice_20231226
CZCE,2024-01-12,true,CZCE_OFFICIAL_2024_HOLIDAY_NOTICE,czce_2024_holiday_notice_20231226
CZCE,2024-01-13,false,CZCE_OFFICIAL_2024_HOLIDAY_NOTICE,czce_2024_holiday_notice_20231226
CZCE,2024-01-14,false,CZCE_OFFICIAL_2024_HOLIDAY_NOTICE,czce_2024_holiday_notice_20231226
CZCE,2024-01-15,true,CZCE_OFFICIAL_2024_HOLIDAY_NOTICE,czce_2024_holiday_notice_20231226
CZCE,2024-01-16,true,CZCE_OFFICIAL_2024_HOLIDAY_NOTICE,czce_2024_holiday_notice_20231226
CZCE,2024-01-17,true,CZCE_OFFICIAL_2024_HOLIDAY_NOTICE,czce_2024_holiday_notice_20231226
CZCE,2024-01-18,true,CZCE_OFFICIAL_2024_HOLIDAY_NOTICE,czce_2024_holiday_notice_20231226
CZCE,2024-01-19,true,CZCE_OFFICIAL_2024_HOLIDAY_NOTICE,czce_2024_holiday_notice_20231226
CZCE,2024-01-20,false,CZCE_OFFICIAL_2024_HOLIDAY_NOTICE,czce_2024_holiday_notice_20231226
CZCE,2024-01-21,false,CZCE_OFFICIAL_2024_HOLIDAY_NOTICE,czce_2024_holiday_notice_20231226
CZCE,2024-01-22,true,CZCE_OFFICIAL_2024_HOLIDAY_NOTICE,czce_2024_holiday_notice_20231226
CZCE,2024-01-23,true,CZCE_OFFICIAL_2024_HOLIDAY_NOTICE,czce_2024_holiday_notice_20231226
CZCE,2024-01-24,true,CZCE_OFFICIAL_2024_HOLIDAY_NOTICE,czce_2024_holiday_notice_20231226
CZCE,2024-01-25,true,CZCE_OFFICIAL_2024_HOLIDAY_NOTICE,czce_2024_holiday_notice_20231226
CZCE,2024-01-26,true,CZCE_OFFICIAL_2024_HOLIDAY_NOTICE,czce_2024_holiday_notice_20231226
CZCE,2024-01-27,false,CZCE_OFFICIAL_2024_HOLIDAY_NOTICE,czce_2024_holiday_notice_20231226
CZCE,2024-01-28,false,CZCE_OFFICIAL_2024_HOLIDAY_NOTICE,czce_2024_holiday_notice_20231226
CZCE,2024-01-29,true,CZCE_OFFICIAL_2024_HOLIDAY_NOTICE,czce_2024_holiday_notice_20231226
CZCE,2024-01-30,true,CZCE_OFFICIAL_2024_HOLIDAY_NOTICE,czce_2024_holiday_notice_20231226
CZCE,2024-01-31,true,CZCE_OFFICIAL_2024_HOLIDAY_NOTICE,czce_2024_holiday_notice_20231226
CZCE,2024-02-01,true,CZCE_OFFICIAL_2024_HOLIDAY_NOTICE,czce_2024_holiday_notice_20231226
CZCE,2024-02-02,true,CZCE_OFFICIAL_2024_HOLIDAY_NOTICE,czce_2024_holiday_notice_20231226
CZCE,2024-02-03,false,CZCE_OFFICIAL_2024_HOLIDAY_NOTICE,czce_2024_holiday_notice_20231226
CZCE,2024-02-04,false,CZCE_OFFICIAL_2024_HOLIDAY_NOTICE,czce_2024_holiday_notice_20231226
CZCE,2024-02-05,true,CZCE_OFFICIAL_2024_HOLIDAY_NOTICE,czce_2024_holiday_notice_20231226
CZCE,2024-02-06,true,CZCE_OFFICIAL_2024_HOLIDAY_NOTICE,czce_2024_holiday_notice_20231226
CZCE,2024-02-07,true,CZCE_OFFICIAL_2024_HOLIDAY_NOTICE,czce_2024_holiday_notice_20231226
CZCE,2024-02-08,true,CZCE_OFFICIAL_2024_HOLIDAY_NOTICE,czce_2024_holiday_notice_20231226
CZCE,2024-02-09,false,CZCE_OFFICIAL_2024_HOLIDAY_NOTICE,czce_2024_holiday_notice_20231226
CZCE,2024-02-10,false,CZCE_OFFICIAL_2024_HOLIDAY_NOTICE,czce_2024_holiday_notice_20231226
CZCE,2024-02-11,false,CZCE_OFFICIAL_2024_HOLIDAY_NOTICE,czce_2024_holiday_notice_20231226
CZCE,2024-02-12,false,CZCE_OFFICIAL_2024_HOLIDAY_NOTICE,czce_2024_holiday_notice_20231226
CZCE,2024-02-13,false,CZCE_OFFICIAL_2024_HOLIDAY_NOTICE,czce_2024_holiday_notice_20231226
CZCE,2024-02-14,false,CZCE_OFFICIAL_2024_HOLIDAY_NOTICE,czce_2024_holiday_notice_20231226
CZCE,2024-02-15,false,CZCE_OFFICIAL_2024_HOLIDAY_NOTICE,czce_2024_holiday_notice_20231226
CZCE,2024-02-16,false,CZCE_OFFICIAL_2024_HOLIDAY_NOTICE,czce_2024_holiday_notice_20231226
CZCE,2024-02-17,false,CZCE_OFFICIAL_2024_HOLIDAY_NOTICE,czce_2024_holiday_notice_20231226
CZCE,2024-02-18,false,CZCE_OFFICIAL_2024_HOLIDAY_NOTICE,czce_2024_holiday_notice_20231226
CZCE,2024-02-19,true,CZCE_OFFICIAL_2024_HOLIDAY_NOTICE,czce_2024_holiday_notice_20231226
CZCE,2024-02-20,true,CZCE_OFFICIAL_2024_HOLIDAY_NOTICE,czce_2024_holiday_notice_20231226
CZCE,2024-02-21,true,CZCE_OFFICIAL_2024_HOLIDAY_NOTICE,czce_2024_holiday_notice_20231226
CZCE,2024-02-22,true,CZCE_OFFICIAL_2024_HOLIDAY_NOTICE,czce_2024_holiday_notice_20231226
CZCE,2024-02-23,true,CZCE_OFFICIAL_2024_HOLIDAY_NOTICE,czce_2024_holiday_notice_20231226
CZCE,2024-02-24,false,CZCE_OFFICIAL_2024_HOLIDAY_NOTICE,czce_2024_holiday_notice_20231226
CZCE,2024-02-25,false,CZCE_OFFICIAL_2024_HOLIDAY_NOTICE,czce_2024_holiday_notice_20231226
CZCE,2024-02-26,true,CZCE_OFFICIAL_2024_HOLIDAY_NOTICE,czce_2024_holiday_notice_20231226
CZCE,2024-02-27,true,CZCE_OFFICIAL_2024_HOLIDAY_NOTICE,czce_2024_holiday_notice_20231226
CZCE,2024-02-28,true,CZCE_OFFICIAL_2024_HOLIDAY_NOTICE,czce_2024_holiday_notice_20231226
CZCE,2024-02-29,true,CZCE_OFFICIAL_2024_HOLIDAY_NOTICE,czce_2024_holiday_notice_20231226
CZCE,2024-03-01,true,CZCE_OFFICIAL_2024_HOLIDAY_NOTICE,czce_2024_holiday_notice_20231226
CZCE,2024-03-02,false,CZCE_OFFICIAL_2024_HOLIDAY_NOTICE,czce_2024_holiday_notice_20231226
CZCE,2024-03-03,false,CZCE_OFFICIAL_2024_HOLIDAY_NOTICE,czce_2024_holiday_notice_20231226
CZCE,2024-03-04,true,CZCE_OFFICIAL_2024_HOLIDAY_NOTICE,czce_2024_holiday_notice_20231226
CZCE,2024-03-05,true,CZCE_OFFICIAL_2024_HOLIDAY_NOTICE,czce_2024_holiday_notice_20231226
CZCE,2024-03-06,true,CZCE_OFFICIAL_2024_HOLIDAY_NOTICE,czce_2024_holiday_notice_20231226
CZCE,2024-03-07,true,CZCE_OFFICIAL_2024_HOLIDAY_NOTICE,czce_2024_holiday_notice_20231226
CZCE,2024-03-08,true,CZCE_OFFICIAL_2024_HOLIDAY_NOTICE,czce_2024_holiday_notice_20231226
CZCE,2024-03-09,false,CZCE_OFFICIAL_2024_HOLIDAY_NOTICE,czce_2024_holiday_notice_20231226
CZCE,2024-03-10,false,CZCE_OFFICIAL_2024_HOLIDAY_NOTICE,czce_2024_holiday_notice_20231226
CZCE,2024-03-11,true,CZCE_OFFICIAL_2024_HOLIDAY_NOTICE,czce_2024_holiday_notice_20231226
CZCE,2024-03-12,true,CZCE_OFFICIAL_2024_HOLIDAY_NOTICE,czce_2024_holiday_notice_20231226
CZCE,2024-03-13,true,CZCE_OFFICIAL_2024_HOLIDAY_NOTICE,czce_2024_holiday_notice_20231226
CZCE,2024-03-14,true,CZCE_OFFICIAL_2024_HOLIDAY_NOTICE,czce_2024_holiday_notice_20231226
CZCE,2024-03-15,true,CZCE_OFFICIAL_2024_HOLIDAY_NOTICE,czce_2024_holiday_notice_20231226
CZCE,2024-03-16,false,CZCE_OFFICIAL_2024_HOLIDAY_NOTICE,czce_2024_holiday_notice_20231226
CZCE,2024-03-17,false,CZCE_OFFICIAL_2024_HOLIDAY_NOTICE,czce_2024_holiday_notice_20231226
CZCE,2024-03-18,true,CZCE_OFFICIAL_2024_HOLIDAY_NOTICE,czce_2024_holiday_notice_20231226
CZCE,2024-03-19,true,CZCE_OFFICIAL_2024_HOLIDAY_NOTICE,czce_2024_holiday_notice_20231226
CZCE,2024-03-20,true,CZCE_OFFICIAL_2024_HOLIDAY_NOTICE,czce_2024_holiday_notice_20231226
CZCE,2024-03-21,true,CZCE_OFFICIAL_2024_HOLIDAY_NOTICE,czce_2024_holiday_notice_20231226
CZCE,2024-03-22,true,CZCE_OFFICIAL_2024_HOLIDAY_NOTICE,czce_2024_holiday_notice_20231226
CZCE,2024-03-23,false,CZCE_OFFICIAL_2024_HOLIDAY_NOTICE,czce_2024_holiday_notice_20231226
CZCE,2024-03-24,false,CZCE_OFFICIAL_2024_HOLIDAY_NOTICE,czce_2024_holiday_notice_20231226
CZCE,2024-03-25,true,CZCE_OFFICIAL_2024_HOLIDAY_NOTICE,czce_2024_holiday_notice_20231226
CZCE,2024-03-26,true,CZCE_OFFICIAL_2024_HOLIDAY_NOTICE,czce_2024_holiday_notice_20231226
CZCE,2024-03-27,true,CZCE_OFFICIAL_2024_HOLIDAY_NOTICE,czce_2024_holiday_notice_20231226
CZCE,2024-03-28,true,CZCE_OFFICIAL_2024_HOLIDAY_NOTICE,czce_2024_holiday_notice_20231226
CZCE,2024-03-29,true,CZCE_OFFICIAL_2024_HOLIDAY_NOTICE,czce_2024_holiday_notice_20231226
CZCE,2024-03-30,false,CZCE_OFFICIAL_2024_HOLIDAY_NOTICE,czce_2024_holiday_notice_20231226
CZCE,2024-03-31,false,CZCE_OFFICIAL_2024_HOLIDAY_NOTICE,czce_2024_holiday_notice_20231226
CZCE,2024-04-01,true,CZCE_OFFICIAL_2024_HOLIDAY_NOTICE,czce_2024_holiday_notice_20231226
CZCE,2024-04-02,true,CZCE_OFFICIAL_2024_HOLIDAY_NOTICE,czce_2024_holiday_notice_20231226
CZCE,2024-04-03,true,CZCE_OFFICIAL_2024_HOLIDAY_NOTICE,czce_2024_holiday_notice_20231226
CZCE,2024-04-04,false,CZCE_OFFICIAL_2024_HOLIDAY_NOTICE,czce_2024_holiday_notice_20231226
CZCE,2024-04-05,false,CZCE_OFFICIAL_2024_HOLIDAY_NOTICE,czce_2024_holiday_notice_20231226
CZCE,2024-04-06,false,CZCE_OFFICIAL_2024_HOLIDAY_NOTICE,czce_2024_holiday_notice_20231226
CZCE,2024-04-07,false,CZCE_OFFICIAL_2024_HOLIDAY_NOTICE,czce_2024_holiday_notice_20231226
CZCE,2024-04-08,true,CZCE_OFFICIAL_2024_HOLIDAY_NOTICE,czce_2024_holiday_notice_20231226
CZCE,2024-04-09,true,CZCE_OFFICIAL_2024_HOLIDAY_NOTICE,czce_2024_holiday_notice_20231226
CZCE,2024-04-10,true,CZCE_OFFICIAL_2024_HOLIDAY_NOTICE,czce_2024_holiday_notice_20231226
CZCE,2024-04-11,true,CZCE_OFFICIAL_2024_HOLIDAY_NOTICE,czce_2024_holiday_notice_20231226
CZCE,2024-04-12,true,CZCE_OFFICIAL_2024_HOLIDAY_NOTICE,czce_2024_holiday_notice_20231226
CZCE,2024-04-13,false,CZCE_OFFICIAL_2024_HOLIDAY_NOTICE,czce_2024_holiday_notice_20231226
CZCE,2024-04-14,false,CZCE_OFFICIAL_2024_HOLIDAY_NOTICE,czce_2024_holiday_notice_20231226
CZCE,2024-04-15,true,CZCE_OFFICIAL_2024_HOLIDAY_NOTICE,czce_2024_holiday_notice_20231226
CZCE,2024-04-16,true,CZCE_OFFICIAL_2024_HOLIDAY_NOTICE,czce_2024_holiday_notice_20231226
CZCE,2024-04-17,true,CZCE_OFFICIAL_2024_HOLIDAY_NOTICE,czce_2024_holiday_notice_20231226
CZCE,2024-04-18,true,CZCE_OFFICIAL_2024_HOLIDAY_NOTICE,czce_2024_holiday_notice_20231226
CZCE,2024-04-19,true,CZCE_OFFICIAL_2024_HOLIDAY_NOTICE,czce_2024_holiday_notice_20231226
CZCE,2024-04-20,false,CZCE_OFFICIAL_2024_HOLIDAY_NOTICE,czce_2024_holiday_notice_20231226
CZCE,2024-04-21,false,CZCE_OFFICIAL_2024_HOLIDAY_NOTICE,czce_2024_holiday_notice_20231226
CZCE,2024-04-22,true,CZCE_OFFICIAL_2024_HOLIDAY_NOTICE,czce_2024_holiday_notice_20231226
CZCE,2024-04-23,true,CZCE_OFFICIAL_2024_HOLIDAY_NOTICE,czce_2024_holiday_notice_20231226
CZCE,2024-04-24,true,CZCE_OFFICIAL_2024_HOLIDAY_NOTICE,czce_2024_holiday_notice_20231226
CZCE,2024-04-25,true,CZCE_OFFICIAL_2024_HOLIDAY_NOTICE,czce_2024_holiday_notice_20231226
CZCE,2024-04-26,true,CZCE_OFFICIAL_2024_HOLIDAY_NOTICE,czce_2024_holiday_notice_20231226
CZCE,2024-04-27,false,CZCE_OFFICIAL_2024_HOLIDAY_NOTICE,czce_2024_holiday_notice_20231226
CZCE,2024-04-28,false,CZCE_OFFICIAL_2024_HOLIDAY_NOTICE,czce_2024_holiday_notice_20231226
CZCE,2024-04-29,true,CZCE_OFFICIAL_2024_HOLIDAY_NOTICE,czce_2024_holiday_notice_20231226
CZCE,2024-04-30,true,CZCE_OFFICIAL_2024_HOLIDAY_NOTICE,czce_2024_holiday_notice_20231226
CZCE,2024-05-01,false,CZCE_OFFICIAL_2024_HOLIDAY_NOTICE,czce_2024_holiday_notice_20231226
CZCE,2024-05-02,false,CZCE_OFFICIAL_2024_HOLIDAY_NOTICE,czce_2024_holiday_notice_20231226
CZCE,2024-05-03,false,CZCE_OFFICIAL_2024_HOLIDAY_NOTICE,czce_2024_holiday_notice_20231226
CZCE,2024-05-04,false,CZCE_OFFICIAL_2024_HOLIDAY_NOTICE,czce_2024_holiday_notice_20231226
CZCE,2024-05-05,false,CZCE_OFFICIAL_2024_HOLIDAY_NOTICE,czce_2024_holiday_notice_20231226
CZCE,2024-05-06,true,CZCE_OFFICIAL_2024_HOLIDAY_NOTICE,czce_2024_holiday_notice_20231226
CZCE,2024-05-07,true,CZCE_OFFICIAL_2024_HOLIDAY_NOTICE,czce_2024_holiday_notice_20231226
CZCE,2024-05-08,true,CZCE_OFFICIAL_2024_HOLIDAY_NOTICE,czce_2024_holiday_notice_20231226
CZCE,2024-05-09,true,CZCE_OFFICIAL_2024_HOLIDAY_NOTICE,czce_2024_holiday_notice_20231226
CZCE,2024-05-10,true,CZCE_OFFICIAL_2024_HOLIDAY_NOTICE,czce_2024_holiday_notice_20231226
CZCE,2024-05-11,false,CZCE_OFFICIAL_2024_HOLIDAY_NOTICE,czce_2024_holiday_notice_20231226
CZCE,2024-05-12,false,CZCE_OFFICIAL_2024_HOLIDAY_NOTICE,czce_2024_holiday_notice_20231226
CZCE,2024-05-13,true,CZCE_OFFICIAL_2024_HOLIDAY_NOTICE,czce_2024_holiday_notice_20231226
CZCE,2024-05-14,true,CZCE_OFFICIAL_2024_HOLIDAY_NOTICE,czce_2024_holiday_notice_20231226
CZCE,2024-05-15,true,CZCE_OFFICIAL_2024_HOLIDAY_NOTICE,czce_2024_holiday_notice_20231226
CZCE,2024-05-16,true,CZCE_OFFICIAL_2024_HOLIDAY_NOTICE,czce_2024_holiday_notice_20231226
CZCE,2024-05-17,true,CZCE_OFFICIAL_2024_HOLIDAY_NOTICE,czce_2024_holiday_notice_20231226
CZCE,2024-05-18,false,CZCE_OFFICIAL_2024_HOLIDAY_NOTICE,czce_2024_holiday_notice_20231226
CZCE,2024-05-19,false,CZCE_OFFICIAL_2024_HOLIDAY_NOTICE,czce_2024_holiday_notice_20231226
CZCE,2024-05-20,true,CZCE_OFFICIAL_2024_HOLIDAY_NOTICE,czce_2024_holiday_notice_20231226
CZCE,2024-05-21,true,CZCE_OFFICIAL_2024_HOLIDAY_NOTICE,czce_2024_holiday_notice_20231226
CZCE,2024-05-22,true,CZCE_OFFICIAL_2024_HOLIDAY_NOTICE,czce_2024_holiday_notice_20231226
CZCE,2024-05-23,true,CZCE_OFFICIAL_2024_HOLIDAY_NOTICE,czce_2024_holiday_notice_20231226
CZCE,2024-05-24,true,CZCE_OFFICIAL_2024_HOLIDAY_NOTICE,czce_2024_holiday_notice_20231226
CZCE,2024-05-25,false,CZCE_OFFICIAL_2024_HOLIDAY_NOTICE,czce_2024_holiday_notice_20231226
CZCE,2024-05-26,false,CZCE_OFFICIAL_2024_HOLIDAY_NOTICE,czce_2024_holiday_notice_20231226
CZCE,2024-05-27,true,CZCE_OFFICIAL_2024_HOLIDAY_NOTICE,czce_2024_holiday_notice_20231226
CZCE,2024-05-28,true,CZCE_OFFICIAL_2024_HOLIDAY_NOTICE,czce_2024_holiday_notice_20231226
CZCE,2024-05-29,true,CZCE_OFFICIAL_2024_HOLIDAY_NOTICE,czce_2024_holiday_notice_20231226
CZCE,2024-05-30,true,CZCE_OFFICIAL_2024_HOLIDAY_NOTICE,czce_2024_holiday_notice_20231226
CZCE,2024-05-31,true,CZCE_OFFICIAL_2024_HOLIDAY_NOTICE,czce_2024_holiday_notice_20231226
CZCE,2024-06-01,false,CZCE_OFFICIAL_2024_HOLIDAY_NOTICE,czce_2024_holiday_notice_20231226
CZCE,2024-06-02,false,CZCE_OFFICIAL_2024_HOLIDAY_NOTICE,czce_2024_holiday_notice_20231226
CZCE,2024-06-03,true,CZCE_OFFICIAL_2024_HOLIDAY_NOTICE,czce_2024_holiday_notice_20231226
CZCE,2024-06-04,true,CZCE_OFFICIAL_2024_HOLIDAY_NOTICE,czce_2024_holiday_notice_20231226
CZCE,2024-06-05,true,CZCE_OFFICIAL_2024_HOLIDAY_NOTICE,czce_2024_holiday_notice_20231226
CZCE,2024-06-06,true,CZCE_OFFICIAL_2024_HOLIDAY_NOTICE,czce_2024_holiday_notice_20231226
CZCE,2024-06-07,true,CZCE_OFFICIAL_2024_HOLIDAY_NOTICE,czce_2024_holiday_notice_20231226
CZCE,2024-06-08,false,CZCE_OFFICIAL_2024_HOLIDAY_NOTICE,czce_2024_holiday_notice_20231226
CZCE,2024-06-09,false,CZCE_OFFICIAL_2024_HOLIDAY_NOTICE,czce_2024_holiday_notice_20231226
CZCE,2024-06-10,false,CZCE_OFFICIAL_2024_HOLIDAY_NOTICE,czce_2024_holiday_notice_20231226
CZCE,2024-06-11,true,CZCE_OFFICIAL_2024_HOLIDAY_NOTICE,czce_2024_holiday_notice_20231226
CZCE,2024-06-12,true,CZCE_OFFICIAL_2024_HOLIDAY_NOTICE,czce_2024_holiday_notice_20231226
CZCE,2024-06-13,true,CZCE_OFFICIAL_2024_HOLIDAY_NOTICE,czce_2024_holiday_notice_20231226
CZCE,2024-06-14,true,CZCE_OFFICIAL_2024_HOLIDAY_NOTICE,czce_2024_holiday_notice_20231226
CZCE,2024-06-15,false,CZCE_OFFICIAL_2024_HOLIDAY_NOTICE,czce_2024_holiday_notice_20231226
CZCE,2024-06-16,false,CZCE_OFFICIAL_2024_HOLIDAY_NOTICE,czce_2024_holiday_notice_20231226
CZCE,2024-06-17,true,CZCE_OFFICIAL_2024_HOLIDAY_NOTICE,czce_2024_holiday_notice_20231226
CZCE,2024-06-18,true,CZCE_OFFICIAL_2024_HOLIDAY_NOTICE,czce_2024_holiday_notice_20231226
CZCE,2024-06-19,true,CZCE_OFFICIAL_2024_HOLIDAY_NOTICE,czce_2024_holiday_notice_20231226
CZCE,2024-06-20,true,CZCE_OFFICIAL_2024_HOLIDAY_NOTICE,czce_2024_holiday_notice_20231226
CZCE,2024-06-21,true,CZCE_OFFICIAL_2024_HOLIDAY_NOTICE,czce_2024_holiday_notice_20231226
CZCE,2024-06-22,false,CZCE_OFFICIAL_2024_HOLIDAY_NOTICE,czce_2024_holiday_notice_20231226
CZCE,2024-06-23,false,CZCE_OFFICIAL_2024_HOLIDAY_NOTICE,czce_2024_holiday_notice_20231226
CZCE,2024-06-24,true,CZCE_OFFICIAL_2024_HOLIDAY_NOTICE,czce_2024_holiday_notice_20231226
CZCE,2024-06-25,true,CZCE_OFFICIAL_2024_HOLIDAY_NOTICE,czce_2024_holiday_notice_20231226
CZCE,2024-06-26,true,CZCE_OFFICIAL_2024_HOLIDAY_NOTICE,czce_2024_holiday_notice_20231226
CZCE,2024-06-27,true,CZCE_OFFICIAL_2024_HOLIDAY_NOTICE,czce_2024_holiday_notice_20231226
CZCE,2024-06-28,true,CZCE_OFFICIAL_2024_HOLIDAY_NOTICE,czce_2024_holiday_notice_20231226
CZCE,2024-06-29,false,CZCE_OFFICIAL_2024_HOLIDAY_NOTICE,czce_2024_holiday_notice_20231226
CZCE,2024-06-30,false,CZCE_OFFICIAL_2024_HOLIDAY_NOTICE,czce_2024_holiday_notice_20231226
CZCE,2024-07-01,true,CZCE_OFFICIAL_2024_HOLIDAY_NOTICE,czce_2024_holiday_notice_20231226
CZCE,2024-07-02,true,CZCE_OFFICIAL_2024_HOLIDAY_NOTICE,czce_2024_holiday_notice_20231226
CZCE,2024-07-03,true,CZCE_OFFICIAL_2024_HOLIDAY_NOTICE,czce_2024_holiday_notice_20231226
CZCE,2024-07-04,true,CZCE_OFFICIAL_2024_HOLIDAY_NOTICE,czce_2024_holiday_notice_20231226
CZCE,2024-07-05,true,CZCE_OFFICIAL_2024_HOLIDAY_NOTICE,czce_2024_holiday_notice_20231226
CZCE,2024-07-06,false,CZCE_OFFICIAL_2024_HOLIDAY_NOTICE,czce_2024_holiday_notice_20231226
CZCE,2024-07-07,false,CZCE_OFFICIAL_2024_HOLIDAY_NOTICE,czce_2024_holiday_notice_20231226
CZCE,2024-07-08,true,CZCE_OFFICIAL_2024_HOLIDAY_NOTICE,czce_2024_holiday_notice_20231226
CZCE,2024-07-09,true,CZCE_OFFICIAL_2024_HOLIDAY_NOTICE,czce_2024_holiday_notice_20231226
CZCE,2024-07-10,true,CZCE_OFFICIAL_2024_HOLIDAY_NOTICE,czce_2024_holiday_notice_20231226
CZCE,2024-07-11,true,CZCE_OFFICIAL_2024_HOLIDAY_NOTICE,czce_2024_holiday_notice_20231226
CZCE,2024-07-12,true,CZCE_OFFICIAL_2024_HOLIDAY_NOTICE,czce_2024_holiday_notice_20231226
CZCE,2024-07-13,false,CZCE_OFFICIAL_2024_HOLIDAY_NOTICE,czce_2024_holiday_notice_20231226
CZCE,2024-07-14,false,CZCE_OFFICIAL_2024_HOLIDAY_NOTICE,czce_2024_holiday_notice_20231226
CZCE,2024-07-15,true,CZCE_OFFICIAL_2024_HOLIDAY_NOTICE,czce_2024_holiday_notice_20231226
CZCE,2024-07-16,true,CZCE_OFFICIAL_2024_HOLIDAY_NOTICE,czce_2024_holiday_notice_20231226
CZCE,2024-07-17,true,CZCE_OFFICIAL_2024_HOLIDAY_NOTICE,czce_2024_holiday_notice_20231226
CZCE,2024-07-18,true,CZCE_OFFICIAL_2024_HOLIDAY_NOTICE,czce_2024_holiday_notice_20231226
CZCE,2024-07-19,true,CZCE_OFFICIAL_2024_HOLIDAY_NOTICE,czce_2024_holiday_notice_20231226
CZCE,2024-07-20,false,CZCE_OFFICIAL_2024_HOLIDAY_NOTICE,czce_2024_holiday_notice_20231226
CZCE,2024-07-21,false,CZCE_OFFICIAL_2024_HOLIDAY_NOTICE,czce_2024_holiday_notice_20231226
CZCE,2024-07-22,true,CZCE_OFFICIAL_2024_HOLIDAY_NOTICE,czce_2024_holiday_notice_20231226
CZCE,2024-07-23,true,CZCE_OFFICIAL_2024_HOLIDAY_NOTICE,czce_2024_holiday_notice_20231226
CZCE,2024-07-24,true,CZCE_OFFICIAL_2024_HOLIDAY_NOTICE,czce_2024_holiday_notice_20231226
CZCE,2024-07-25,true,CZCE_OFFICIAL_2024_HOLIDAY_NOTICE,czce_2024_holiday_notice_20231226
CZCE,2024-07-26,true,CZCE_OFFICIAL_2024_HOLIDAY_NOTICE,czce_2024_holiday_notice_20231226
CZCE,2024-07-27,false,CZCE_OFFICIAL_2024_HOLIDAY_NOTICE,czce_2024_holiday_notice_20231226
CZCE,2024-07-28,false,CZCE_OFFICIAL_2024_HOLIDAY_NOTICE,czce_2024_holiday_notice_20231226
CZCE,2024-07-29,true,CZCE_OFFICIAL_2024_HOLIDAY_NOTICE,czce_2024_holiday_notice_20231226
CZCE,2024-07-30,true,CZCE_OFFICIAL_2024_HOLIDAY_NOTICE,czce_2024_holiday_notice_20231226
CZCE,2024-07-31,true,CZCE_OFFICIAL_2024_HOLIDAY_NOTICE,czce_2024_holiday_notice_20231226
CZCE,2024-08-01,true,CZCE_OFFICIAL_2024_HOLIDAY_NOTICE,czce_2024_holiday_notice_20231226
CZCE,2024-08-02,true,CZCE_OFFICIAL_2024_HOLIDAY_NOTICE,czce_2024_holiday_notice_20231226
CZCE,2024-08-03,false,CZCE_OFFICIAL_2024_HOLIDAY_NOTICE,czce_2024_holiday_notice_20231226
CZCE,2024-08-04,false,CZCE_OFFICIAL_2024_HOLIDAY_NOTICE,czce_2024_holiday_notice_20231226
CZCE,2024-08-05,true,CZCE_OFFICIAL_2024_HOLIDAY_NOTICE,czce_2024_holiday_notice_20231226
CZCE,2024-08-06,true,CZCE_OFFICIAL_2024_HOLIDAY_NOTICE,czce_2024_holiday_notice_20231226
CZCE,2024-08-07,true,CZCE_OFFICIAL_2024_HOLIDAY_NOTICE,czce_2024_holiday_notice_20231226
CZCE,2024-08-08,true,CZCE_OFFICIAL_2024_HOLIDAY_NOTICE,czce_2024_holiday_notice_20231226
CZCE,2024-08-09,true,CZCE_OFFICIAL_2024_HOLIDAY_NOTICE,czce_2024_holiday_notice_20231226
CZCE,2024-08-10,false,CZCE_OFFICIAL_2024_HOLIDAY_NOTICE,czce_2024_holiday_notice_20231226
CZCE,2024-08-11,false,CZCE_OFFICIAL_2024_HOLIDAY_NOTICE,czce_2024_holiday_notice_20231226
CZCE,2024-08-12,true,CZCE_OFFICIAL_2024_HOLIDAY_NOTICE,czce_2024_holiday_notice_20231226
CZCE,2024-08-13,true,CZCE_OFFICIAL_2024_HOLIDAY_NOTICE,czce_2024_holiday_notice_20231226
CZCE,2024-08-14,true,CZCE_OFFICIAL_2024_HOLIDAY_NOTICE,czce_2024_holiday_notice_20231226
CZCE,2024-08-15,true,CZCE_OFFICIAL_2024_HOLIDAY_NOTICE,czce_2024_holiday_notice_20231226
CZCE,2024-08-16,true,CZCE_OFFICIAL_2024_HOLIDAY_NOTICE,czce_2024_holiday_notice_20231226
CZCE,2024-08-17,false,CZCE_OFFICIAL_2024_HOLIDAY_NOTICE,czce_2024_holiday_notice_20231226
CZCE,2024-08-18,false,CZCE_OFFICIAL_2024_HOLIDAY_NOTICE,czce_2024_holiday_notice_20231226
CZCE,2024-08-19,true,CZCE_OFFICIAL_2024_HOLIDAY_NOTICE,czce_2024_holiday_notice_20231226
CZCE,2024-08-20,true,CZCE_OFFICIAL_2024_HOLIDAY_NOTICE,czce_2024_holiday_notice_20231226
CZCE,2024-08-21,true,CZCE_OFFICIAL_2024_HOLIDAY_NOTICE,czce_2024_holiday_notice_20231226
CZCE,2024-08-22,true,CZCE_OFFICIAL_2024_HOLIDAY_NOTICE,czce_2024_holiday_notice_20231226
CZCE,2024-08-23,true,CZCE_OFFICIAL_2024_HOLIDAY_NOTICE,czce_2024_holiday_notice_20231226
CZCE,2024-08-24,false,CZCE_OFFICIAL_2024_HOLIDAY_NOTICE,czce_2024_holiday_notice_20231226
CZCE,2024-08-25,false,CZCE_OFFICIAL_2024_HOLIDAY_NOTICE,czce_2024_holiday_notice_20231226
CZCE,2024-08-26,true,CZCE_OFFICIAL_2024_HOLIDAY_NOTICE,czce_2024_holiday_notice_20231226
CZCE,2024-08-27,true,CZCE_OFFICIAL_2024_HOLIDAY_NOTICE,czce_2024_holiday_notice_20231226
CZCE,2024-08-28,true,CZCE_OFFICIAL_2024_HOLIDAY_NOTICE,czce_2024_holiday_notice_20231226
CZCE,2024-08-29,true,CZCE_OFFICIAL_2024_HOLIDAY_NOTICE,czce_2024_holiday_notice_20231226
CZCE,2024-08-30,true,CZCE_OFFICIAL_2024_HOLIDAY_NOTICE,czce_2024_holiday_notice_20231226
CZCE,2024-08-31,false,CZCE_OFFICIAL_2024_HOLIDAY_NOTICE,czce_2024_holiday_notice_20231226
CZCE,2024-09-01,false,CZCE_OFFICIAL_2024_HOLIDAY_NOTICE,czce_2024_holiday_notice_20231226
CZCE,2024-09-02,true,CZCE_OFFICIAL_2024_HOLIDAY_NOTICE,czce_2024_holiday_notice_20231226
CZCE,2024-09-03,true,CZCE_OFFICIAL_2024_HOLIDAY_NOTICE,czce_2024_holiday_notice_20231226
CZCE,2024-09-04,true,CZCE_OFFICIAL_2024_HOLIDAY_NOTICE,czce_2024_holiday_notice_20231226
CZCE,2024-09-05,true,CZCE_OFFICIAL_2024_HOLIDAY_NOTICE,czce_2024_holiday_notice_20231226
CZCE,2024-09-06,true,CZCE_OFFICIAL_2024_HOLIDAY_NOTICE,czce_2024_holiday_notice_20231226
CZCE,2024-09-07,false,CZCE_OFFICIAL_2024_HOLIDAY_NOTICE,czce_2024_holiday_notice_20231226
CZCE,2024-09-08,false,CZCE_OFFICIAL_2024_HOLIDAY_NOTICE,czce_2024_holiday_notice_20231226
CZCE,2024-09-09,true,CZCE_OFFICIAL_2024_HOLIDAY_NOTICE,czce_2024_holiday_notice_20231226
CZCE,2024-09-10,true,CZCE_OFFICIAL_2024_HOLIDAY_NOTICE,czce_2024_holiday_notice_20231226
CZCE,2024-09-11,true,CZCE_OFFICIAL_2024_HOLIDAY_NOTICE,czce_2024_holiday_notice_20231226
CZCE,2024-09-12,true,CZCE_OFFICIAL_2024_HOLIDAY_NOTICE,czce_2024_holiday_notice_20231226
CZCE,2024-09-13,true,CZCE_OFFICIAL_2024_HOLIDAY_NOTICE,czce_2024_holiday_notice_20231226
CZCE,2024-09-14,false,CZCE_OFFICIAL_2024_HOLIDAY_NOTICE,czce_2024_holiday_notice_20231226
CZCE,2024-09-15,false,CZCE_OFFICIAL_2024_HOLIDAY_NOTICE,czce_2024_holiday_notice_20231226
CZCE,2024-09-16,false,CZCE_OFFICIAL_2024_HOLIDAY_NOTICE,czce_2024_holiday_notice_20231226
CZCE,2024-09-17,false,CZCE_OFFICIAL_2024_HOLIDAY_NOTICE,czce_2024_holiday_notice_20231226
CZCE,2024-09-18,true,CZCE_OFFICIAL_2024_HOLIDAY_NOTICE,czce_2024_holiday_notice_20231226
CZCE,2024-09-19,true,CZCE_OFFICIAL_2024_HOLIDAY_NOTICE,czce_2024_holiday_notice_20231226
CZCE,2024-09-20,true,CZCE_OFFICIAL_2024_HOLIDAY_NOTICE,czce_2024_holiday_notice_20231226
CZCE,2024-09-21,false,CZCE_OFFICIAL_2024_HOLIDAY_NOTICE,czce_2024_holiday_notice_20231226
CZCE,2024-09-22,false,CZCE_OFFICIAL_2024_HOLIDAY_NOTICE,czce_2024_holiday_notice_20231226
CZCE,2024-09-23,true,CZCE_OFFICIAL_2024_HOLIDAY_NOTICE,czce_2024_holiday_notice_20231226
CZCE,2024-09-24,true,CZCE_OFFICIAL_2024_HOLIDAY_NOTICE,czce_2024_holiday_notice_20231226
CZCE,2024-09-25,true,CZCE_OFFICIAL_2024_HOLIDAY_NOTICE,czce_2024_holiday_notice_20231226
CZCE,2024-09-26,true,CZCE_OFFICIAL_2024_HOLIDAY_NOTICE,czce_2024_holiday_notice_20231226
CZCE,2024-09-27,true,CZCE_OFFICIAL_2024_HOLIDAY_NOTICE,czce_2024_holiday_notice_20231226
CZCE,2024-09-28,false,CZCE_OFFICIAL_2024_HOLIDAY_NOTICE,czce_2024_holiday_notice_20231226
CZCE,2024-09-29,false,CZCE_OFFICIAL_2024_HOLIDAY_NOTICE,czce_2024_holiday_notice_20231226
CZCE,2024-09-30,true,CZCE_OFFICIAL_2024_HOLIDAY_NOTICE,czce_2024_holiday_notice_20231226
CZCE,2024-10-01,false,CZCE_OFFICIAL_2024_HOLIDAY_NOTICE,czce_2024_holiday_notice_20231226
CZCE,2024-10-02,false,CZCE_OFFICIAL_2024_HOLIDAY_NOTICE,czce_2024_holiday_notice_20231226
CZCE,2024-10-03,false,CZCE_OFFICIAL_2024_HOLIDAY_NOTICE,czce_2024_holiday_notice_20231226
CZCE,2024-10-04,false,CZCE_OFFICIAL_2024_HOLIDAY_NOTICE,czce_2024_holiday_notice_20231226
CZCE,2024-10-05,false,CZCE_OFFICIAL_2024_HOLIDAY_NOTICE,czce_2024_holiday_notice_20231226
CZCE,2024-10-06,false,CZCE_OFFICIAL_2024_HOLIDAY_NOTICE,czce_2024_holiday_notice_20231226
CZCE,2024-10-07,false,CZCE_OFFICIAL_2024_HOLIDAY_NOTICE,czce_2024_holiday_notice_20231226
CZCE,2024-10-08,true,CZCE_OFFICIAL_2024_HOLIDAY_NOTICE,czce_2024_holiday_notice_20231226
CZCE,2024-10-09,true,CZCE_OFFICIAL_2024_HOLIDAY_NOTICE,czce_2024_holiday_notice_20231226
CZCE,2024-10-10,true,CZCE_OFFICIAL_2024_HOLIDAY_NOTICE,czce_2024_holiday_notice_20231226
CZCE,2024-10-11,true,CZCE_OFFICIAL_2024_HOLIDAY_NOTICE,czce_2024_holiday_notice_20231226
CZCE,2024-10-12,false,CZCE_OFFICIAL_2024_HOLIDAY_NOTICE,czce_2024_holiday_notice_20231226
CZCE,2024-10-13,false,CZCE_OFFICIAL_2024_HOLIDAY_NOTICE,czce_2024_holiday_notice_20231226
CZCE,2024-10-14,true,CZCE_OFFICIAL_2024_HOLIDAY_NOTICE,czce_2024_holiday_notice_20231226
CZCE,2024-10-15,true,CZCE_OFFICIAL_2024_HOLIDAY_NOTICE,czce_2024_holiday_notice_20231226
CZCE,2024-10-16,true,CZCE_OFFICIAL_2024_HOLIDAY_NOTICE,czce_2024_holiday_notice_20231226
CZCE,2024-10-17,true,CZCE_OFFICIAL_2024_HOLIDAY_NOTICE,czce_2024_holiday_notice_20231226
CZCE,2024-10-18,true,CZCE_OFFICIAL_2024_HOLIDAY_NOTICE,czce_2024_holiday_notice_20231226
CZCE,2024-10-19,false,CZCE_OFFICIAL_2024_HOLIDAY_NOTICE,czce_2024_holiday_notice_20231226
CZCE,2024-10-20,false,CZCE_OFFICIAL_2024_HOLIDAY_NOTICE,czce_2024_holiday_notice_20231226
CZCE,2024-10-21,true,CZCE_OFFICIAL_2024_HOLIDAY_NOTICE,czce_2024_holiday_notice_20231226
CZCE,2024-10-22,true,CZCE_OFFICIAL_2024_HOLIDAY_NOTICE,czce_2024_holiday_notice_20231226
CZCE,2024-10-23,true,CZCE_OFFICIAL_2024_HOLIDAY_NOTICE,czce_2024_holiday_notice_20231226
CZCE,2024-10-24,true,CZCE_OFFICIAL_2024_HOLIDAY_NOTICE,czce_2024_holiday_notice_20231226
CZCE,2024-10-25,true,CZCE_OFFICIAL_2024_HOLIDAY_NOTICE,czce_2024_holiday_notice_20231226
CZCE,2024-10-26,false,CZCE_OFFICIAL_2024_HOLIDAY_NOTICE,czce_2024_holiday_notice_20231226
CZCE,2024-10-27,false,CZCE_OFFICIAL_2024_HOLIDAY_NOTICE,czce_2024_holiday_notice_20231226
CZCE,2024-10-28,true,CZCE_OFFICIAL_2024_HOLIDAY_NOTICE,czce_2024_holiday_notice_20231226
CZCE,2024-10-29,true,CZCE_OFFICIAL_2024_HOLIDAY_NOTICE,czce_2024_holiday_notice_20231226
CZCE,2024-10-30,true,CZCE_OFFICIAL_2024_HOLIDAY_NOTICE,czce_2024_holiday_notice_20231226
CZCE,2024-10-31,true,CZCE_OFFICIAL_2024_HOLIDAY_NOTICE,czce_2024_holiday_notice_20231226
CZCE,2024-11-01,true,CZCE_OFFICIAL_2024_HOLIDAY_NOTICE,czce_2024_holiday_notice_20231226
CZCE,2024-11-02,false,CZCE_OFFICIAL_2024_HOLIDAY_NOTICE,czce_2024_holiday_notice_20231226
CZCE,2024-11-03,false,CZCE_OFFICIAL_2024_HOLIDAY_NOTICE,czce_2024_holiday_notice_20231226
CZCE,2024-11-04,true,CZCE_OFFICIAL_2024_HOLIDAY_NOTICE,czce_2024_holiday_notice_20231226
CZCE,2024-11-05,true,CZCE_OFFICIAL_2024_HOLIDAY_NOTICE,czce_2024_holiday_notice_20231226
CZCE,2024-11-06,true,CZCE_OFFICIAL_2024_HOLIDAY_NOTICE,czce_2024_holiday_notice_20231226
CZCE,2024-11-07,true,CZCE_OFFICIAL_2024_HOLIDAY_NOTICE,czce_2024_holiday_notice_20231226
CZCE,2024-11-08,true,CZCE_OFFICIAL_2024_HOLIDAY_NOTICE,czce_2024_holiday_notice_20231226
CZCE,2024-11-09,false,CZCE_OFFICIAL_2024_HOLIDAY_NOTICE,czce_2024_holiday_notice_20231226
CZCE,2024-11-10,false,CZCE_OFFICIAL_2024_HOLIDAY_NOTICE,czce_2024_holiday_notice_20231226
CZCE,2024-11-11,true,CZCE_OFFICIAL_2024_HOLIDAY_NOTICE,czce_2024_holiday_notice_20231226
CZCE,2024-11-12,true,CZCE_OFFICIAL_2024_HOLIDAY_NOTICE,czce_2024_holiday_notice_20231226
CZCE,2024-11-13,true,CZCE_OFFICIAL_2024_HOLIDAY_NOTICE,czce_2024_holiday_notice_20231226
CZCE,2024-11-14,true,CZCE_OFFICIAL_2024_HOLIDAY_NOTICE,czce_2024_holiday_notice_20231226
CZCE,2024-11-15,true,CZCE_OFFICIAL_2024_HOLIDAY_NOTICE,czce_2024_holiday_notice_20231226
CZCE,2024-11-16,false,CZCE_OFFICIAL_2024_HOLIDAY_NOTICE,czce_2024_holiday_notice_20231226
CZCE,2024-11-17,false,CZCE_OFFICIAL_2024_HOLIDAY_NOTICE,czce_2024_holiday_notice_20231226
CZCE,2024-11-18,true,CZCE_OFFICIAL_2024_HOLIDAY_NOTICE,czce_2024_holiday_notice_20231226
CZCE,2024-11-19,true,CZCE_OFFICIAL_2024_HOLIDAY_NOTICE,czce_2024_holiday_notice_20231226
CZCE,2024-11-20,true,CZCE_OFFICIAL_2024_HOLIDAY_NOTICE,czce_2024_holiday_notice_20231226
CZCE,2024-11-21,true,CZCE_OFFICIAL_2024_HOLIDAY_NOTICE,czce_2024_holiday_notice_20231226
CZCE,2024-11-22,true,CZCE_OFFICIAL_2024_HOLIDAY_NOTICE,czce_2024_holiday_notice_20231226
CZCE,2024-11-23,false,CZCE_OFFICIAL_2024_HOLIDAY_NOTICE,czce_2024_holiday_notice_20231226
CZCE,2024-11-24,false,CZCE_OFFICIAL_2024_HOLIDAY_NOTICE,czce_2024_holiday_notice_20231226
CZCE,2024-11-25,true,CZCE_OFFICIAL_2024_HOLIDAY_NOTICE,czce_2024_holiday_notice_20231226
CZCE,2024-11-26,true,CZCE_OFFICIAL_2024_HOLIDAY_NOTICE,czce_2024_holiday_notice_20231226
CZCE,2024-11-27,true,CZCE_OFFICIAL_2024_HOLIDAY_NOTICE,czce_2024_holiday_notice_20231226
CZCE,2024-11-28,true,CZCE_OFFICIAL_2024_HOLIDAY_NOTICE,czce_2024_holiday_notice_20231226
CZCE,2024-11-29,true,CZCE_OFFICIAL_2024_HOLIDAY_NOTICE,czce_2024_holiday_notice_20231226
CZCE,2024-11-30,false,CZCE_OFFICIAL_2024_HOLIDAY_NOTICE,czce_2024_holiday_notice_20231226
CZCE,2024-12-01,false,CZCE_OFFICIAL_2024_HOLIDAY_NOTICE,czce_2024_holiday_notice_20231226
CZCE,2024-12-02,true,CZCE_OFFICIAL_2024_HOLIDAY_NOTICE,czce_2024_holiday_notice_20231226
CZCE,2024-12-03,true,CZCE_OFFICIAL_2024_HOLIDAY_NOTICE,czce_2024_holiday_notice_20231226
CZCE,2024-12-04,true,CZCE_OFFICIAL_2024_HOLIDAY_NOTICE,czce_2024_holiday_notice_20231226
CZCE,2024-12-05,true,CZCE_OFFICIAL_2024_HOLIDAY_NOTICE,czce_2024_holiday_notice_20231226
CZCE,2024-12-06,true,CZCE_OFFICIAL_2024_HOLIDAY_NOTICE,czce_2024_holiday_notice_20231226
CZCE,2024-12-07,false,CZCE_OFFICIAL_2024_HOLIDAY_NOTICE,czce_2024_holiday_notice_20231226
CZCE,2024-12-08,false,CZCE_OFFICIAL_2024_HOLIDAY_NOTICE,czce_2024_holiday_notice_20231226
CZCE,2024-12-09,true,CZCE_OFFICIAL_2024_HOLIDAY_NOTICE,czce_2024_holiday_notice_20231226
CZCE,2024-12-10,true,CZCE_OFFICIAL_2024_HOLIDAY_NOTICE,czce_2024_holiday_notice_20231226
CZCE,2024-12-11,true,CZCE_OFFICIAL_2024_HOLIDAY_NOTICE,czce_2024_holiday_notice_20231226
CZCE,2024-12-12,true,CZCE_OFFICIAL_2024_HOLIDAY_NOTICE,czce_2024_holiday_notice_20231226
CZCE,2024-12-13,true,CZCE_OFFICIAL_2024_HOLIDAY_NOTICE,czce_2024_holiday_notice_20231226
CZCE,2024-12-14,false,CZCE_OFFICIAL_2024_HOLIDAY_NOTICE,czce_2024_holiday_notice_20231226
CZCE,2024-12-15,false,CZCE_OFFICIAL_2024_HOLIDAY_NOTICE,czce_2024_holiday_notice_20231226
CZCE,2024-12-16,true,CZCE_OFFICIAL_2024_HOLIDAY_NOTICE,czce_2024_holiday_notice_20231226
CZCE,2024-12-17,true,CZCE_OFFICIAL_2024_HOLIDAY_NOTICE,czce_2024_holiday_notice_20231226
CZCE,2024-12-18,true,CZCE_OFFICIAL_2024_HOLIDAY_NOTICE,czce_2024_holiday_notice_20231226
CZCE,2024-12-19,true,CZCE_OFFICIAL_2024_HOLIDAY_NOTICE,czce_2024_holiday_notice_20231226
CZCE,2024-12-20,true,CZCE_OFFICIAL_2024_HOLIDAY_NOTICE,czce_2024_holiday_notice_20231226
CZCE,2024-12-21,false,CZCE_OFFICIAL_2024_HOLIDAY_NOTICE,czce_2024_holiday_notice_20231226
CZCE,2024-12-22,false,CZCE_OFFICIAL_2024_HOLIDAY_NOTICE,czce_2024_holiday_notice_20231226
CZCE,2024-12-23,true,CZCE_OFFICIAL_2024_HOLIDAY_NOTICE,czce_2024_holiday_notice_20231226
CZCE,2024-12-24,true,CZCE_OFFICIAL_2024_HOLIDAY_NOTICE,czce_2024_holiday_notice_20231226
CZCE,2024-12-25,true,CZCE_OFFICIAL_2024_HOLIDAY_NOTICE,czce_2024_holiday_notice_20231226
CZCE,2024-12-26,true,CZCE_OFFICIAL_2024_HOLIDAY_NOTICE,czce_2024_holiday_notice_20231226
CZCE,2024-12-27,true,CZCE_OFFICIAL_2024_HOLIDAY_NOTICE,czce_2024_holiday_notice_20231226
CZCE,2024-12-28,false,CZCE_OFFICIAL_2024_HOLIDAY_NOTICE,czce_2024_holiday_notice_20231226
CZCE,2024-12-29,false,CZCE_OFFICIAL_2024_HOLIDAY_NOTICE,czce_2024_holiday_notice_20231226
CZCE,2024-12-30,true,CZCE_OFFICIAL_2024_HOLIDAY_NOTICE,czce_2024_holiday_notice_20231226
CZCE,2024-12-31,true,CZCE_OFFICIAL_2024_HOLIDAY_NOTICE,czce_2024_holiday_notice_20231226
